deputado,partido,municipio,classe_destino,votos,pct_votos,valor_empenhado,pct_emendas
YANDRA DE ANDRE,UNIÃO,ARACAJU,DENTRO,13629,10.37,0.0,0.0
YANDRA DE ANDRE,UNIÃO,JAPARATUBA,DENTRO,5652,4.30,0.0,0.0
YANDRA DE ANDRE,UNIÃO,ITABAIANA,DENTRO,4521,3.44,0.0,0.0
YANDRA DE ANDRE,UNIÃO,TOBIAS BARRETO,DENTRO,4478,3.41,0.0,0.0
YANDRA DE ANDRE,UNIÃO,CAPELA,DENTRO,4403,3.35,0.0,0.0
YANDRA DE ANDRE,UNIÃO,FREI PAULO,DENTRO,4369,3.32,0.0,0.0
YANDRA DE ANDRE,UNIÃO,SIMAO DIAS,DENTRO,3922,2.98,0.0,0.0
YANDRA DE ANDRE,UNIÃO,NOSSA SENHORA DO SOCORRO,DENTRO,3613,2.75,0.0,0.0
YANDRA DE ANDRE,UNIÃO,ESTANCIA,DENTRO,3507,2.67,0.0,0.0
YANDRA DE ANDRE,UNIÃO,NOSSA SENHORA DAS DORES,DENTRO,3450,2.62,0.0,0.0
YANDRA DE ANDRE,UNIÃO,AREIA BRANCA,DENTRO,2949,2.24,0.0,0.0
YANDRA DE ANDRE,UNIÃO,CANINDE DE SAO FRANCISCO,DENTRO,2757,2.10,0.0,0.0
YANDRA DE ANDRE,UNIÃO,ITAPORANGA D AJUDA,DENTRO,2744,2.09,0.0,0.0
YANDRA DE ANDRE,UNIÃO,POCO REDONDO,DENTRO,2737,2.08,0.0,0.0
YANDRA DE ANDRE,UNIÃO,CAMPO DO BRITO,DENTRO,2469,1.88,0.0,0.0
YANDRA DE ANDRE,UNIÃO,UMBAUBA,DENTRO,2466,1.88,0.0,0.0
YANDRA DE ANDRE,UNIÃO,PIRAMBU,DENTRO,2420,1.84,0.0,0.0
YANDRA DE ANDRE,UNIÃO,PACATUBA,DENTRO,2396,1.82,0.0,0.0
YANDRA DE ANDRE,UNIÃO,POCO VERDE,DENTRO,2275,1.73,0.0,0.0
YANDRA DE ANDRE,UNIÃO,SAO DOMINGOS,DENTRO,2267,1.72,0.0,0.0
YANDRA DE ANDRE,UNIÃO,MONTE ALEGRE DE SERGIPE,DENTRO,2223,1.69,0.0,0.0
YANDRA DE ANDRE,UNIÃO,BOQUIM,DENTRO,2214,1.68,0.0,0.0
YANDRA DE ANDRE,UNIÃO,BARRA DOS COQUEIROS,DENTRO,2173,1.65,0.0,0.0
YANDRA DE ANDRE,UNIÃO,CARMOPOLIS,DENTRO,2073,1.58,0.0,0.0
YANDRA DE ANDRE,UNIÃO,LAGARTO,DENTRO,1928,1.47,0.0,0.0
YANDRA DE ANDRE,UNIÃO,LARANJEIRAS,DENTRO,1873,1.42,0.0,0.0
YANDRA DE ANDRE,UNIÃO,SANTO AMARO DAS BROTAS,DENTRO,1869,1.42,0.0,0.0
YANDRA DE ANDRE,UNIÃO,PROPRIA,DENTRO,1867,1.42,0.0,0.0
YANDRA DE ANDRE,UNIÃO,NEOPOLIS,DENTRO,1851,1.41,0.0,0.0
YANDRA DE ANDRE,UNIÃO,NOSSA SENHORA DA GLORIA,DENTRO,1699,1.29,0.0,0.0
YANDRA DE ANDRE,UNIÃO,CEDRO DE SAO JOAO,DENTRO,1627,1.24,0.0,0.0
YANDRA DE ANDRE,UNIÃO,AQUIDABA,DENTRO,1527,1.16,0.0,0.0
YANDRA DE ANDRE,UNIÃO,ILHA DAS FLORES,DENTRO,1480,1.13,0.0,0.0
YANDRA DE ANDRE,UNIÃO,MARUIM,DENTRO,1452,1.10,0.0,0.0
YANDRA DE ANDRE,UNIÃO,INDIAROBA,DENTRO,1374,1.05,0.0,0.0
YANDRA DE ANDRE,UNIÃO,SAO MIGUEL DO ALEIXO,DENTRO,1367,1.04,0.0,0.0
YANDRA DE ANDRE,UNIÃO,SAO CRISTOVAO,DENTRO,1304,0.99,0.0,0.0
YANDRA DE ANDRE,UNIÃO,JAPOATA,DENTRO,1249,0.95,0.0,0.0
YANDRA DE ANDRE,UNIÃO,RIACHAO DO DANTAS,DENTRO,1245,0.95,0.0,0.0
YANDRA DE ANDRE,UNIÃO,SIRIRI,DENTRO,1157,0.88,0.0,0.0
YANDRA DE ANDRE,UNIÃO,CANHOBA,DENTRO,1153,0.88,0.0,0.0
YANDRA DE ANDRE,UNIÃO,PORTO DA FOLHA,DENTRO,1108,0.84,0.0,0.0
YANDRA DE ANDRE,UNIÃO,ROSARIO DO CATETE,DENTRO,1078,0.82,0.0,0.0
YANDRA DE ANDRE,UNIÃO,MURIBECA,DENTRO,1053,0.80,0.0,0.0
YANDRA DE ANDRE,UNIÃO,CARIRA,DENTRO,984,0.75,0.0,0.0
YANDRA DE ANDRE,UNIÃO,RIBEIROPOLIS,DENTRO,967,0.74,0.0,0.0
YANDRA DE ANDRE,UNIÃO,GARARU,DENTRO,924,0.70,0.0,0.0
YANDRA DE ANDRE,UNIÃO,GRACCHO CARDOSO,DENTRO,914,0.70,0.0,0.0
YANDRA DE ANDRE,UNIÃO,GENERAL MAYNARD,DENTRO,814,0.62,0.0,0.0
YANDRA DE ANDRE,UNIÃO,SANTA LUZIA DO ITANHY,DENTRO,796,0.61,0.0,0.0
YANDRA DE ANDRE,UNIÃO,AMPARO DE SAO FRANCISCO,DENTRO,778,0.59,0.0,0.0
YANDRA DE ANDRE,UNIÃO,TOMAR DO GERU,DENTRO,650,0.49,0.0,0.0
YANDRA DE ANDRE,UNIÃO,FEIRA NOVA,DENTRO,626,0.48,0.0,0.0
YANDRA DE ANDRE,UNIÃO,PEDRA MOLE,DENTRO,597,0.45,0.0,0.0
YANDRA DE ANDRE,UNIÃO,RIACHUELO,DENTRO,580,0.44,0.0,0.0
YANDRA DE ANDRE,UNIÃO,CUMBE,DENTRO,560,0.43,0.0,0.0
YANDRA DE ANDRE,UNIÃO,SALGADO,DENTRO,557,0.42,0.0,0.0
YANDRA DE ANDRE,UNIÃO,ARAUA,DENTRO,514,0.39,0.0,0.0
YANDRA DE ANDRE,UNIÃO,ITABI,DENTRO,500,0.38,0.0,0.0
YANDRA DE ANDRE,UNIÃO,SANTA ROSA DE LIMA,DENTRO,493,0.37,0.0,0.0
YANDRA DE ANDRE,UNIÃO,NOSSA SENHORA APARECIDA,DENTRO,459,0.35,0.0,0.0
YANDRA DE ANDRE,UNIÃO,ITABAIANINHA,DENTRO,454,0.35,0.0,0.0
YANDRA DE ANDRE,UNIÃO,PEDRINHAS,DENTRO,442,0.34,0.0,0.0
YANDRA DE ANDRE,UNIÃO,SANTANA DO SAO FRANCISCO,DENTRO,422,0.32,0.0,0.0
YANDRA DE ANDRE,UNIÃO,BREJO GRANDE,DENTRO,404,0.31,0.0,0.0
YANDRA DE ANDRE,UNIÃO,MALHADOR,DENTRO,389,0.30,0.0,0.0
YANDRA DE ANDRE,UNIÃO,PINHAO,DENTRO,348,0.26,0.0,0.0
YANDRA DE ANDRE,UNIÃO,TELHA,DENTRO,346,0.26,0.0,0.0
YANDRA DE ANDRE,UNIÃO,NOSSA SENHORA DE LOURDES,DENTRO,338,0.26,0.0,0.0
YANDRA DE ANDRE,UNIÃO,MACAMBIRA,DENTRO,317,0.24,0.0,0.0
YANDRA DE ANDRE,UNIÃO,CRISTINAPOLIS,DENTRO,314,0.24,0.0,0.0
YANDRA DE ANDRE,UNIÃO,MALHADA DOS BOIS,DENTRO,294,0.22,0.0,0.0
YANDRA DE ANDRE,UNIÃO,DIVINA PASTORA,DENTRO,288,0.22,0.0,0.0
YANDRA DE ANDRE,UNIÃO,SAO FRANCISCO,DENTRO,234,0.18,0.0,0.0
YANDRA DE ANDRE,UNIÃO,MOITA BONITA,DENTRO,200,0.15,0.0,0.0
YANDRA DE ANDRE,UNIÃO,MULTIPLO,AMPLO,0,0,109040713.08,95.49
YANDRA DE ANDRE,UNIÃO,SEM INFORMACAO,AMPLO,0,0,4799945.0,4.2
YANDRA DE ANDRE,UNIÃO,ARACAJU (SERGIPE),FORA,0,0,349997.56,0.31
ICARO DE VALMIR,PL,ITABAIANA,DENTRO,24987,32.92,0.0,0.0
ICARO DE VALMIR,PL,ARACAJU,DENTRO,8842,11.65,0.0,0.0
ICARO DE VALMIR,PL,CAMPO DO BRITO,DENTRO,3164,4.17,0.0,0.0
ICARO DE VALMIR,PL,MALHADOR,DENTRO,3143,4.14,0.0,0.0
ICARO DE VALMIR,PL,AREIA BRANCA,DENTRO,2790,3.68,0.0,0.0
ICARO DE VALMIR,PL,CARIRA,DENTRO,2568,3.38,0.0,0.0
ICARO DE VALMIR,PL,FREI PAULO,DENTRO,2467,3.25,0.0,0.0
ICARO DE VALMIR,PL,MACAMBIRA,DENTRO,2340,3.08,0.0,0.0
ICARO DE VALMIR,PL,NOSSA SENHORA APARECIDA,DENTRO,2211,2.91,0.0,0.0
ICARO DE VALMIR,PL,NOSSA SENHORA DO SOCORRO,DENTRO,1994,2.63,0.0,0.0
ICARO DE VALMIR,PL,RIBEIROPOLIS,DENTRO,1936,2.55,0.0,0.0
ICARO DE VALMIR,PL,PINHAO,DENTRO,1560,2.06,0.0,0.0
ICARO DE VALMIR,PL,LARANJEIRAS,DENTRO,1243,1.64,0.0,0.0
ICARO DE VALMIR,PL,SAO DOMINGOS,DENTRO,1079,1.42,0.0,0.0
ICARO DE VALMIR,PL,NOSSA SENHORA DAS DORES,DENTRO,1014,1.34,0.0,0.0
ICARO DE VALMIR,PL,POCO REDONDO,DENTRO,863,1.14,0.0,0.0
ICARO DE VALMIR,PL,LAGARTO,DENTRO,826,1.09,0.0,0.0
ICARO DE VALMIR,PL,NOSSA SENHORA DA GLORIA,DENTRO,764,1.01,0.0,0.0
ICARO DE VALMIR,PL,BOQUIM,DENTRO,679,0.89,0.0,0.0
ICARO DE VALMIR,PL,SAO CRISTOVAO,DENTRO,666,0.88,0.0,0.0
ICARO DE VALMIR,PL,RIACHUELO,DENTRO,665,0.88,0.0,0.0
ICARO DE VALMIR,PL,MOITA BONITA,DENTRO,653,0.86,0.0,0.0
ICARO DE VALMIR,PL,CAPELA,DENTRO,600,0.79,0.0,0.0
ICARO DE VALMIR,PL,ITAPORANGA D AJUDA,DENTRO,571,0.75,0.0,0.0
ICARO DE VALMIR,PL,RIACHAO DO DANTAS,DENTRO,446,0.59,0.0,0.0
ICARO DE VALMIR,PL,PACATUBA,DENTRO,397,0.52,0.0,0.0
ICARO DE VALMIR,PL,SANTO AMARO DAS BROTAS,DENTRO,366,0.48,0.0,0.0
ICARO DE VALMIR,PL,BARRA DOS COQUEIROS,DENTRO,352,0.46,0.0,0.0
ICARO DE VALMIR,PL,AQUIDABA,DENTRO,350,0.46,0.0,0.0
ICARO DE VALMIR,PL,SAO MIGUEL DO ALEIXO,DENTRO,343,0.45,0.0,0.0
ICARO DE VALMIR,PL,PEDRA MOLE,DENTRO,334,0.44,0.0,0.0
ICARO DE VALMIR,PL,BREJO GRANDE,DENTRO,321,0.42,0.0,0.0
ICARO DE VALMIR,PL,SIRIRI,DENTRO,289,0.38,0.0,0.0
ICARO DE VALMIR,PL,SANTA ROSA DE LIMA,DENTRO,275,0.36,0.0,0.0
ICARO DE VALMIR,PL,CARMOPOLIS,DENTRO,259,0.34,0.0,0.0
ICARO DE VALMIR,PL,ROSARIO DO CATETE,DENTRO,258,0.34,0.0,0.0
ICARO DE VALMIR,PL,CANINDE DE SAO FRANCISCO,DENTRO,254,0.33,0.0,0.0
ICARO DE VALMIR,PL,MARUIM,DENTRO,238,0.31,0.0,0.0
ICARO DE VALMIR,PL,SANTANA DO SAO FRANCISCO,DENTRO,214,0.28,0.0,0.0
ICARO DE VALMIR,PL,PROPRIA,DENTRO,201,0.26,0.0,0.0
ICARO DE VALMIR,PL,TOBIAS BARRETO,DENTRO,179,0.24,0.0,0.0
ICARO DE VALMIR,PL,DIVINA PASTORA,DENTRO,179,0.24,0.0,0.0
ICARO DE VALMIR,PL,GRACCHO CARDOSO,DENTRO,178,0.23,0.0,0.0
ICARO DE VALMIR,PL,PORTO DA FOLHA,DENTRO,161,0.21,0.0,0.0
ICARO DE VALMIR,PL,ESTANCIA,DENTRO,156,0.21,0.0,0.0
ICARO DE VALMIR,PL,NOSSA SENHORA DE LOURDES,DENTRO,147,0.19,0.0,0.0
ICARO DE VALMIR,PL,PIRAMBU,DENTRO,146,0.19,0.0,0.0
ICARO DE VALMIR,PL,POCO VERDE,DENTRO,146,0.19,0.0,0.0
ICARO DE VALMIR,PL,MONTE ALEGRE DE SERGIPE,DENTRO,140,0.18,0.0,0.0
ICARO DE VALMIR,PL,ITABI,DENTRO,138,0.18,0.0,0.0
ICARO DE VALMIR,PL,GARARU,DENTRO,133,0.18,0.0,0.0
ICARO DE VALMIR,PL,SALGADO,DENTRO,130,0.17,0.0,0.0
ICARO DE VALMIR,PL,SIMAO DIAS,DENTRO,129,0.17,0.0,0.0
ICARO DE VALMIR,PL,JAPARATUBA,DENTRO,112,0.15,0.0,0.0
ICARO DE VALMIR,PL,MURIBECA,DENTRO,111,0.15,0.0,0.0
ICARO DE VALMIR,PL,CUMBE,DENTRO,105,0.14,0.0,0.0
ICARO DE VALMIR,PL,UMBAUBA,DENTRO,104,0.14,0.0,0.0
ICARO DE VALMIR,PL,ITABAIANINHA,DENTRO,104,0.14,0.0,0.0
ICARO DE VALMIR,PL,NEOPOLIS,DENTRO,103,0.14,0.0,0.0
ICARO DE VALMIR,PL,JAPOATA,DENTRO,100,0.13,0.0,0.0
ICARO DE VALMIR,PL,TELHA,DENTRO,84,0.11,0.0,0.0
ICARO DE VALMIR,PL,CRISTINAPOLIS,DENTRO,67,0.09,0.0,0.0
ICARO DE VALMIR,PL,FEIRA NOVA,DENTRO,62,0.08,0.0,0.0
ICARO DE VALMIR,PL,CANHOBA,DENTRO,61,0.08,0.0,0.0
ICARO DE VALMIR,PL,PEDRINHAS,DENTRO,59,0.08,0.0,0.0
ICARO DE VALMIR,PL,TOMAR DO GERU,DENTRO,58,0.08,0.0,0.0
ICARO DE VALMIR,PL,INDIAROBA,DENTRO,44,0.06,0.0,0.0
ICARO DE VALMIR,PL,ARAUA,DENTRO,43,0.06,0.0,0.0
ICARO DE VALMIR,PL,CEDRO DE SAO JOAO,DENTRO,41,0.05,0.0,0.0
ICARO DE VALMIR,PL,ILHA DAS FLORES,DENTRO,37,0.05,0.0,0.0
ICARO DE VALMIR,PL,SANTA LUZIA DO ITANHY,DENTRO,37,0.05,0.0,0.0
ICARO DE VALMIR,PL,GENERAL MAYNARD,DENTRO,29,0.04,0.0,0.0
ICARO DE VALMIR,PL,SAO FRANCISCO,DENTRO,23,0.03,0.0,0.0
ICARO DE VALMIR,PL,MALHADA DOS BOIS,DENTRO,22,0.03,0.0,0.0
ICARO DE VALMIR,PL,AMPARO DE SAO FRANCISCO,DENTRO,22,0.03,0.0,0.0
ICARO DE VALMIR,PL,MULTIPLO,AMPLO,0,0,113473645.0,96.02
ICARO DE VALMIR,PL,ITABAIANA (SERGIPE),FORA,0,0,2035792.0,1.72
ICARO DE VALMIR,PL,SEM INFORMACAO,AMPLO,0,0,1959482.0,1.66
ICARO DE VALMIR,PL,ITABI (SERGIPE),FORA,0,0,399381.0,0.34
ICARO DE VALMIR,PL,MALHADOR (SERGIPE),FORA,0,0,312730.0,0.26
FABIO REIS,PSD,LAGARTO,DENTRO,19867,26.19,0.0,0.0
FABIO REIS,PSD,LARANJEIRAS,DENTRO,3859,5.09,0.0,0.0
FABIO REIS,PSD,CARIRA,DENTRO,3659,4.82,0.0,0.0
FABIO REIS,PSD,RIACHAO DO DANTAS,DENTRO,3634,4.79,0.0,0.0
FABIO REIS,PSD,TOBIAS BARRETO,DENTRO,3579,4.72,0.0,0.0
FABIO REIS,PSD,ARACAJU,DENTRO,3534,4.66,0.0,0.0
FABIO REIS,PSD,INDIAROBA,DENTRO,2820,3.72,0.0,0.0
FABIO REIS,PSD,SALGADO,DENTRO,2628,3.46,0.0,0.0
FABIO REIS,PSD,SAO CRISTOVAO,DENTRO,2495,3.29,0.0,0.0
FABIO REIS,PSD,JAPOATA,DENTRO,2381,3.14,0.0,0.0
FABIO REIS,PSD,SANTA LUZIA DO ITANHY,DENTRO,2205,2.91,0.0,0.0
FABIO REIS,PSD,BOQUIM,DENTRO,1651,2.18,0.0,0.0
FABIO REIS,PSD,SIMAO DIAS,DENTRO,1419,1.87,0.0,0.0
FABIO REIS,PSD,NOSSA SENHORA DO SOCORRO,DENTRO,1403,1.85,0.0,0.0
FABIO REIS,PSD,TOMAR DO GERU,DENTRO,1298,1.71,0.0,0.0
FABIO REIS,PSD,NOSSA SENHORA DE LOURDES,DENTRO,1224,1.61,0.0,0.0
FABIO REIS,PSD,NOSSA SENHORA APARECIDA,DENTRO,1181,1.56,0.0,0.0
FABIO REIS,PSD,PEDRINHAS,DENTRO,1129,1.49,0.0,0.0
FABIO REIS,PSD,CUMBE,DENTRO,1122,1.48,0.0,0.0
FABIO REIS,PSD,TELHA,DENTRO,1101,1.45,0.0,0.0
FABIO REIS,PSD,RIACHUELO,DENTRO,1082,1.43,0.0,0.0
FABIO REIS,PSD,MACAMBIRA,DENTRO,1072,1.41,0.0,0.0
FABIO REIS,PSD,SAO FRANCISCO,DENTRO,911,1.20,0.0,0.0
FABIO REIS,PSD,ESTANCIA,DENTRO,845,1.11,0.0,0.0
FABIO REIS,PSD,ITAPORANGA D AJUDA,DENTRO,798,1.05,0.0,0.0
FABIO REIS,PSD,PROPRIA,DENTRO,755,1.00,0.0,0.0
FABIO REIS,PSD,NEOPOLIS,DENTRO,716,0.94,0.0,0.0
FABIO REIS,PSD,PINHAO,DENTRO,519,0.68,0.0,0.0
FABIO REIS,PSD,CAMPO DO BRITO,DENTRO,465,0.61,0.0,0.0
FABIO REIS,PSD,SANTANA DO SAO FRANCISCO,DENTRO,428,0.56,0.0,0.0
FABIO REIS,PSD,AQUIDABA,DENTRO,405,0.53,0.0,0.0
FABIO REIS,PSD,SAO DOMINGOS,DENTRO,377,0.50,0.0,0.0
FABIO REIS,PSD,ITABAIANINHA,DENTRO,374,0.49,0.0,0.0
FABIO REIS,PSD,ITABAIANA,DENTRO,370,0.49,0.0,0.0
FABIO REIS,PSD,FEIRA NOVA,DENTRO,362,0.48,0.0,0.0
FABIO REIS,PSD,NOSSA SENHORA DAS DORES,DENTRO,356,0.47,0.0,0.0
FABIO REIS,PSD,ILHA DAS FLORES,DENTRO,352,0.46,0.0,0.0
FABIO REIS,PSD,NOSSA SENHORA DA GLORIA,DENTRO,294,0.39,0.0,0.0
FABIO REIS,PSD,FREI PAULO,DENTRO,263,0.35,0.0,0.0
FABIO REIS,PSD,ROSARIO DO CATETE,DENTRO,263,0.35,0.0,0.0
FABIO REIS,PSD,POCO VERDE,DENTRO,241,0.32,0.0,0.0
FABIO REIS,PSD,BREJO GRANDE,DENTRO,224,0.30,0.0,0.0
FABIO REIS,PSD,UMBAUBA,DENTRO,201,0.27,0.0,0.0
FABIO REIS,PSD,CAPELA,DENTRO,159,0.21,0.0,0.0
FABIO REIS,PSD,SIRIRI,DENTRO,146,0.19,0.0,0.0
FABIO REIS,PSD,MURIBECA,DENTRO,139,0.18,0.0,0.0
FABIO REIS,PSD,POCO REDONDO,DENTRO,127,0.17,0.0,0.0
FABIO REIS,PSD,BARRA DOS COQUEIROS,DENTRO,111,0.15,0.0,0.0
FABIO REIS,PSD,CARMOPOLIS,DENTRO,105,0.14,0.0,0.0
FABIO REIS,PSD,RIBEIROPOLIS,DENTRO,101,0.13,0.0,0.0
FABIO REIS,PSD,PORTO DA FOLHA,DENTRO,92,0.12,0.0,0.0
FABIO REIS,PSD,CRISTINAPOLIS,DENTRO,90,0.12,0.0,0.0
FABIO REIS,PSD,PACATUBA,DENTRO,87,0.11,0.0,0.0
FABIO REIS,PSD,MARUIM,DENTRO,83,0.11,0.0,0.0
FABIO REIS,PSD,GENERAL MAYNARD,DENTRO,83,0.11,0.0,0.0
FABIO REIS,PSD,ARAUA,DENTRO,82,0.11,0.0,0.0
FABIO REIS,PSD,GARARU,DENTRO,69,0.09,0.0,0.0
FABIO REIS,PSD,GRACCHO CARDOSO,DENTRO,53,0.07,0.0,0.0
FABIO REIS,PSD,AREIA BRANCA,DENTRO,52,0.07,0.0,0.0
FABIO REIS,PSD,PIRAMBU,DENTRO,41,0.05,0.0,0.0
FABIO REIS,PSD,MONTE ALEGRE DE SERGIPE,DENTRO,35,0.05,0.0,0.0
FABIO REIS,PSD,MOITA BONITA,DENTRO,35,0.05,0.0,0.0
FABIO REIS,PSD,PEDRA MOLE,DENTRO,31,0.04,0.0,0.0
FABIO REIS,PSD,JAPARATUBA,DENTRO,31,0.04,0.0,0.0
FABIO REIS,PSD,CEDRO DE SAO JOAO,DENTRO,30,0.04,0.0,0.0
FABIO REIS,PSD,ITABI,DENTRO,27,0.04,0.0,0.0
FABIO REIS,PSD,MALHADOR,DENTRO,26,0.03,0.0,0.0
FABIO REIS,PSD,SAO MIGUEL DO ALEIXO,DENTRO,24,0.03,0.0,0.0
FABIO REIS,PSD,MALHADA DOS BOIS,DENTRO,23,0.03,0.0,0.0
FABIO REIS,PSD,DIVINA PASTORA,DENTRO,23,0.03,0.0,0.0
FABIO REIS,PSD,CANINDE DE SAO FRANCISCO,DENTRO,23,0.03,0.0,0.0
FABIO REIS,PSD,CANHOBA,DENTRO,21,0.03,0.0,0.0
FABIO REIS,PSD,AMPARO DE SAO FRANCISCO,DENTRO,14,0.02,0.0,0.0
FABIO REIS,PSD,SANTO AMARO DAS BROTAS,DENTRO,14,0.02,0.0,0.0
FABIO REIS,PSD,SANTA ROSA DE LIMA,DENTRO,9,0.01,0.0,0.0
FABIO REIS,PSD,MULTIPLO,AMPLO,0,0,114059665.0,80.02
FABIO REIS,PSD,SEM INFORMACAO,AMPLO,0,0,22934561.16,16.09
FABIO REIS,PSD,LAGARTO (SERGIPE),FORA,0,0,4999679.06,3.51
FABIO REIS,PSD,ILHA DAS FLORES (SERGIPE),FORA,0,0,399991.0,0.28
FABIO REIS,PSD,NATAL (RIO GRANDE DO NORTE),FORA,0,0,150000.0,0.11
GUSTINHO RIBEIRO,REPUBLICANOS,LAGARTO,DENTRO,15569,21.67,0.0,0.0
GUSTINHO RIBEIRO,REPUBLICANOS,CRISTINAPOLIS,DENTRO,3560,4.96,0.0,0.0
GUSTINHO RIBEIRO,REPUBLICANOS,ARACAJU,DENTRO,3253,4.53,0.0,0.0
GUSTINHO RIBEIRO,REPUBLICANOS,TOBIAS BARRETO,DENTRO,2977,4.14,0.0,0.0
GUSTINHO RIBEIRO,REPUBLICANOS,SALGADO,DENTRO,2706,3.77,0.0,0.0
GUSTINHO RIBEIRO,REPUBLICANOS,NOSSA SENHORA DA GLORIA,DENTRO,2618,3.64,0.0,0.0
GUSTINHO RIBEIRO,REPUBLICANOS,RIACHAO DO DANTAS,DENTRO,2472,3.44,0.0,0.0
GUSTINHO RIBEIRO,REPUBLICANOS,ARAUA,DENTRO,2052,2.86,0.0,0.0
GUSTINHO RIBEIRO,REPUBLICANOS,POCO REDONDO,DENTRO,1890,2.63,0.0,0.0
GUSTINHO RIBEIRO,REPUBLICANOS,BREJO GRANDE,DENTRO,1870,2.60,0.0,0.0
GUSTINHO RIBEIRO,REPUBLICANOS,ESTANCIA,DENTRO,1825,2.54,0.0,0.0
GUSTINHO RIBEIRO,REPUBLICANOS,UMBAUBA,DENTRO,1786,2.49,0.0,0.0
GUSTINHO RIBEIRO,REPUBLICANOS,MOITA BONITA,DENTRO,1649,2.30,0.0,0.0
GUSTINHO RIBEIRO,REPUBLICANOS,GARARU,DENTRO,1618,2.25,0.0,0.0
GUSTINHO RIBEIRO,REPUBLICANOS,CARMOPOLIS,DENTRO,1603,2.23,0.0,0.0
GUSTINHO RIBEIRO,REPUBLICANOS,CAPELA,DENTRO,1366,1.90,0.0,0.0
GUSTINHO RIBEIRO,REPUBLICANOS,CANINDE DE SAO FRANCISCO,DENTRO,1266,1.76,0.0,0.0
GUSTINHO RIBEIRO,REPUBLICANOS,POCO VERDE,DENTRO,1228,1.71,0.0,0.0
GUSTINHO RIBEIRO,REPUBLICANOS,PORTO DA FOLHA,DENTRO,1020,1.42,0.0,0.0
GUSTINHO RIBEIRO,REPUBLICANOS,SIMAO DIAS,DENTRO,982,1.37,0.0,0.0
GUSTINHO RIBEIRO,REPUBLICANOS,BOQUIM,DENTRO,899,1.25,0.0,0.0
GUSTINHO RIBEIRO,REPUBLICANOS,TOMAR DO GERU,DENTRO,864,1.20,0.0,0.0
GUSTINHO RIBEIRO,REPUBLICANOS,INDIAROBA,DENTRO,861,1.20,0.0,0.0
GUSTINHO RIBEIRO,REPUBLICANOS,FEIRA NOVA,DENTRO,805,1.12,0.0,0.0
GUSTINHO RIBEIRO,REPUBLICANOS,NOSSA SENHORA DAS DORES,DENTRO,708,0.99,0.0,0.0
GUSTINHO RIBEIRO,REPUBLICANOS,ITAPORANGA D AJUDA,DENTRO,667,0.93,0.0,0.0
GUSTINHO RIBEIRO,REPUBLICANOS,MARUIM,DENTRO,665,0.93,0.0,0.0
GUSTINHO RIBEIRO,REPUBLICANOS,NOSSA SENHORA DO SOCORRO,DENTRO,664,0.92,0.0,0.0
GUSTINHO RIBEIRO,REPUBLICANOS,AREIA BRANCA,DENTRO,621,0.86,0.0,0.0
GUSTINHO RIBEIRO,REPUBLICANOS,ITABI,DENTRO,599,0.83,0.0,0.0
GUSTINHO RIBEIRO,REPUBLICANOS,BARRA DOS COQUEIROS,DENTRO,591,0.82,0.0,0.0
GUSTINHO RIBEIRO,REPUBLICANOS,ITABAIANINHA,DENTRO,552,0.77,0.0,0.0
GUSTINHO RIBEIRO,REPUBLICANOS,PEDRINHAS,DENTRO,542,0.75,0.0,0.0
GUSTINHO RIBEIRO,REPUBLICANOS,ROSARIO DO CATETE,DENTRO,541,0.75,0.0,0.0
GUSTINHO RIBEIRO,REPUBLICANOS,ILHA DAS FLORES,DENTRO,504,0.70,0.0,0.0
GUSTINHO RIBEIRO,REPUBLICANOS,RIACHUELO,DENTRO,467,0.65,0.0,0.0
GUSTINHO RIBEIRO,REPUBLICANOS,CARIRA,DENTRO,438,0.61,0.0,0.0
GUSTINHO RIBEIRO,REPUBLICANOS,JAPOATA,DENTRO,433,0.60,0.0,0.0
GUSTINHO RIBEIRO,REPUBLICANOS,CUMBE,DENTRO,428,0.60,0.0,0.0
GUSTINHO RIBEIRO,REPUBLICANOS,PINHAO,DENTRO,415,0.58,0.0,0.0
GUSTINHO RIBEIRO,REPUBLICANOS,CAMPO DO BRITO,DENTRO,383,0.53,0.0,0.0
GUSTINHO RIBEIRO,REPUBLICANOS,SANTA LUZIA DO ITANHY,DENTRO,383,0.53,0.0,0.0
GUSTINHO RIBEIRO,REPUBLICANOS,AQUIDABA,DENTRO,365,0.51,0.0,0.0
GUSTINHO RIBEIRO,REPUBLICANOS,SANTANA DO SAO FRANCISCO,DENTRO,359,0.50,0.0,0.0
GUSTINHO RIBEIRO,REPUBLICANOS,SANTA ROSA DE LIMA,DENTRO,334,0.46,0.0,0.0
GUSTINHO RIBEIRO,REPUBLICANOS,SAO FRANCISCO,DENTRO,324,0.45,0.0,0.0
GUSTINHO RIBEIRO,REPUBLICANOS,PACATUBA,DENTRO,313,0.44,0.0,0.0
GUSTINHO RIBEIRO,REPUBLICANOS,SAO CRISTOVAO,DENTRO,298,0.41,0.0,0.0
GUSTINHO RIBEIRO,REPUBLICANOS,SIRIRI,DENTRO,296,0.41,0.0,0.0
GUSTINHO RIBEIRO,REPUBLICANOS,MONTE ALEGRE DE SERGIPE,DENTRO,284,0.40,0.0,0.0
GUSTINHO RIBEIRO,REPUBLICANOS,SAO DOMINGOS,DENTRO,263,0.37,0.0,0.0
GUSTINHO RIBEIRO,REPUBLICANOS,LARANJEIRAS,DENTRO,252,0.35,0.0,0.0
GUSTINHO RIBEIRO,REPUBLICANOS,MALHADA DOS BOIS,DENTRO,241,0.34,0.0,0.0
GUSTINHO RIBEIRO,REPUBLICANOS,NOSSA SENHORA APARECIDA,DENTRO,234,0.33,0.0,0.0
GUSTINHO RIBEIRO,REPUBLICANOS,DIVINA PASTORA,DENTRO,231,0.32,0.0,0.0
GUSTINHO RIBEIRO,REPUBLICANOS,ITABAIANA,DENTRO,183,0.25,0.0,0.0
GUSTINHO RIBEIRO,REPUBLICANOS,PIRAMBU,DENTRO,164,0.23,0.0,0.0
GUSTINHO RIBEIRO,REPUBLICANOS,NOSSA SENHORA DE LOURDES,DENTRO,150,0.21,0.0,0.0
GUSTINHO RIBEIRO,REPUBLICANOS,CANHOBA,DENTRO,130,0.18,0.0,0.0
GUSTINHO RIBEIRO,REPUBLICANOS,SAO MIGUEL DO ALEIXO,DENTRO,125,0.17,0.0,0.0
GUSTINHO RIBEIRO,REPUBLICANOS,GENERAL MAYNARD,DENTRO,124,0.17,0.0,0.0
GUSTINHO RIBEIRO,REPUBLICANOS,MALHADOR,DENTRO,121,0.17,0.0,0.0
GUSTINHO RIBEIRO,REPUBLICANOS,TELHA,DENTRO,103,0.14,0.0,0.0
GUSTINHO RIBEIRO,REPUBLICANOS,GRACCHO CARDOSO,DENTRO,96,0.13,0.0,0.0
GUSTINHO RIBEIRO,REPUBLICANOS,JAPARATUBA,DENTRO,93,0.13,0.0,0.0
GUSTINHO RIBEIRO,REPUBLICANOS,PROPRIA,DENTRO,92,0.13,0.0,0.0
GUSTINHO RIBEIRO,REPUBLICANOS,AMPARO DE SAO FRANCISCO,DENTRO,65,0.09,0.0,0.0
GUSTINHO RIBEIRO,REPUBLICANOS,RIBEIROPOLIS,DENTRO,47,0.07,0.0,0.0
GUSTINHO RIBEIRO,REPUBLICANOS,NEOPOLIS,DENTRO,46,0.06,0.0,0.0
GUSTINHO RIBEIRO,REPUBLICANOS,PEDRA MOLE,DENTRO,36,0.05,0.0,0.0
GUSTINHO RIBEIRO,REPUBLICANOS,MACAMBIRA,DENTRO,29,0.04,0.0,0.0
GUSTINHO RIBEIRO,REPUBLICANOS,MURIBECA,DENTRO,29,0.04,0.0,0.0
GUSTINHO RIBEIRO,REPUBLICANOS,SANTO AMARO DAS BROTAS,DENTRO,24,0.03,0.0,0.0
GUSTINHO RIBEIRO,REPUBLICANOS,FREI PAULO,DENTRO,24,0.03,0.0,0.0
GUSTINHO RIBEIRO,REPUBLICANOS,CEDRO DE SAO JOAO,DENTRO,16,0.02,0.0,0.0
GUSTINHO RIBEIRO,REPUBLICANOS,MULTIPLO,AMPLO,0,0,131777103.07,90.03
GUSTINHO RIBEIRO,REPUBLICANOS,SEM INFORMACAO,AMPLO,0,0,10078888.17,6.89
GUSTINHO RIBEIRO,REPUBLICANOS,CANINDE DE SAO FRANCISCO (SERGIPE),FORA,0,0,4000000.0,2.73
GUSTINHO RIBEIRO,REPUBLICANOS,UMBAUBA (SERGIPE),FORA,0,0,514841.0,0.35
JOAO DANIEL,PT,ARACAJU,DENTRO,14539,21.08,0.0,0.0
JOAO DANIEL,PT,CANINDE DE SAO FRANCISCO,DENTRO,4991,7.24,0.0,0.0
JOAO DANIEL,PT,ESTANCIA,DENTRO,3165,4.59,0.0,0.0
JOAO DANIEL,PT,NOSSA SENHORA DO SOCORRO,DENTRO,3037,4.40,0.0,0.0
JOAO DANIEL,PT,SIMAO DIAS,DENTRO,3027,4.39,0.0,0.0
JOAO DANIEL,PT,AQUIDABA,DENTRO,3001,4.35,0.0,0.0
JOAO DANIEL,PT,LAGARTO,DENTRO,2634,3.82,0.0,0.0
JOAO DANIEL,PT,POCO REDONDO,DENTRO,2344,3.40,0.0,0.0
JOAO DANIEL,PT,NOSSA SENHORA DA GLORIA,DENTRO,2322,3.37,0.0,0.0
JOAO DANIEL,PT,SAO CRISTOVAO,DENTRO,2279,3.30,0.0,0.0
JOAO DANIEL,PT,POCO VERDE,DENTRO,1377,2.00,0.0,0.0
JOAO DANIEL,PT,MARUIM,DENTRO,1275,1.85,0.0,0.0
JOAO DANIEL,PT,FEIRA NOVA,DENTRO,1213,1.76,0.0,0.0
JOAO DANIEL,PT,CRISTINAPOLIS,DENTRO,1156,1.68,0.0,0.0
JOAO DANIEL,PT,TOBIAS BARRETO,DENTRO,1141,1.65,0.0,0.0
JOAO DANIEL,PT,PORTO DA FOLHA,DENTRO,1109,1.61,0.0,0.0
JOAO DANIEL,PT,ITABAIANA,DENTRO,900,1.30,0.0,0.0
JOAO DANIEL,PT,JAPARATUBA,DENTRO,834,1.21,0.0,0.0
JOAO DANIEL,PT,SALGADO,DENTRO,754,1.09,0.0,0.0
JOAO DANIEL,PT,ITAPORANGA D AJUDA,DENTRO,750,1.09,0.0,0.0
JOAO DANIEL,PT,PROPRIA,DENTRO,747,1.08,0.0,0.0
JOAO DANIEL,PT,ITABAIANINHA,DENTRO,738,1.07,0.0,0.0
JOAO DANIEL,PT,CAPELA,DENTRO,704,1.02,0.0,0.0
JOAO DANIEL,PT,PEDRA MOLE,DENTRO,694,1.01,0.0,0.0
JOAO DANIEL,PT,BOQUIM,DENTRO,662,0.96,0.0,0.0
JOAO DANIEL,PT,MONTE ALEGRE DE SERGIPE,DENTRO,650,0.94,0.0,0.0
JOAO DANIEL,PT,CAMPO DO BRITO,DENTRO,600,0.87,0.0,0.0
JOAO DANIEL,PT,PACATUBA,DENTRO,570,0.83,0.0,0.0
JOAO DANIEL,PT,GARARU,DENTRO,560,0.81,0.0,0.0
JOAO DANIEL,PT,NEOPOLIS,DENTRO,542,0.79,0.0,0.0
JOAO DANIEL,PT,UMBAUBA,DENTRO,531,0.77,0.0,0.0
JOAO DANIEL,PT,CARIRA,DENTRO,511,0.74,0.0,0.0
JOAO DANIEL,PT,MALHADOR,DENTRO,500,0.72,0.0,0.0
JOAO DANIEL,PT,BARRA DOS COQUEIROS,DENTRO,475,0.69,0.0,0.0
JOAO DANIEL,PT,LARANJEIRAS,DENTRO,437,0.63,0.0,0.0
JOAO DANIEL,PT,NOSSA SENHORA DE LOURDES,DENTRO,416,0.60,0.0,0.0
JOAO DANIEL,PT,SANTO AMARO DAS BROTAS,DENTRO,412,0.60,0.0,0.0
JOAO DANIEL,PT,SANTA LUZIA DO ITANHY,DENTRO,380,0.55,0.0,0.0
JOAO DANIEL,PT,RIACHUELO,DENTRO,320,0.46,0.0,0.0
JOAO DANIEL,PT,ILHA DAS FLORES,DENTRO,319,0.46,0.0,0.0
JOAO DANIEL,PT,RIACHAO DO DANTAS,DENTRO,318,0.46,0.0,0.0
JOAO DANIEL,PT,GENERAL MAYNARD,DENTRO,308,0.45,0.0,0.0
JOAO DANIEL,PT,PINHAO,DENTRO,299,0.43,0.0,0.0
JOAO DANIEL,PT,INDIAROBA,DENTRO,299,0.43,0.0,0.0
JOAO DANIEL,PT,ROSARIO DO CATETE,DENTRO,297,0.43,0.0,0.0
JOAO DANIEL,PT,BREJO GRANDE,DENTRO,292,0.42,0.0,0.0
JOAO DANIEL,PT,SANTANA DO SAO FRANCISCO,DENTRO,288,0.42,0.0,0.0
JOAO DANIEL,PT,PIRAMBU,DENTRO,242,0.35,0.0,0.0
JOAO DANIEL,PT,PEDRINHAS,DENTRO,229,0.33,0.0,0.0
JOAO DANIEL,PT,ARAUA,DENTRO,228,0.33,0.0,0.0
JOAO DANIEL,PT,TOMAR DO GERU,DENTRO,227,0.33,0.0,0.0
JOAO DANIEL,PT,DIVINA PASTORA,DENTRO,219,0.32,0.0,0.0
JOAO DANIEL,PT,NOSSA SENHORA DAS DORES,DENTRO,218,0.32,0.0,0.0
JOAO DANIEL,PT,JAPOATA,DENTRO,216,0.31,0.0,0.0
JOAO DANIEL,PT,RIBEIROPOLIS,DENTRO,202,0.29,0.0,0.0
JOAO DANIEL,PT,CANHOBA,DENTRO,198,0.29,0.0,0.0
JOAO DANIEL,PT,CARMOPOLIS,DENTRO,197,0.29,0.0,0.0
JOAO DANIEL,PT,GRACCHO CARDOSO,DENTRO,196,0.28,0.0,0.0
JOAO DANIEL,PT,CEDRO DE SAO JOAO,DENTRO,195,0.28,0.0,0.0
JOAO DANIEL,PT,FREI PAULO,DENTRO,193,0.28,0.0,0.0
JOAO DANIEL,PT,ITABI,DENTRO,161,0.23,0.0,0.0
JOAO DANIEL,PT,SAO DOMINGOS,DENTRO,157,0.23,0.0,0.0
JOAO DANIEL,PT,AREIA BRANCA,DENTRO,149,0.22,0.0,0.0
JOAO DANIEL,PT,TELHA,DENTRO,123,0.18,0.0,0.0
JOAO DANIEL,PT,MURIBECA,DENTRO,116,0.17,0.0,0.0
JOAO DANIEL,PT,SIRIRI,DENTRO,114,0.17,0.0,0.0
JOAO DANIEL,PT,MALHADA DOS BOIS,DENTRO,112,0.16,0.0,0.0
JOAO DANIEL,PT,MACAMBIRA,DENTRO,102,0.15,0.0,0.0
JOAO DANIEL,PT,NOSSA SENHORA APARECIDA,DENTRO,93,0.13,0.0,0.0
JOAO DANIEL,PT,SAO MIGUEL DO ALEIXO,DENTRO,73,0.11,0.0,0.0
JOAO DANIEL,PT,CUMBE,DENTRO,70,0.10,0.0,0.0
JOAO DANIEL,PT,MOITA BONITA,DENTRO,69,0.10,0.0,0.0
JOAO DANIEL,PT,AMPARO DE SAO FRANCISCO,DENTRO,58,0.08,0.0,0.0
JOAO DANIEL,PT,SANTA ROSA DE LIMA,DENTRO,53,0.08,0.0,0.0
JOAO DANIEL,PT,SAO FRANCISCO,DENTRO,42,0.06,0.0,0.0
JOAO DANIEL,PT,MULTIPLO,AMPLO,0,0,121124388.08,80.21
JOAO DANIEL,PT,SEM INFORMACAO,AMPLO,0,0,23512501.37,15.57
JOAO DANIEL,PT,AQUIDABA (SERGIPE),FORA,0,0,3240734.0,2.15
JOAO DANIEL,PT,NEOPOLIS (SERGIPE),FORA,0,0,1000000.0,0.66
JOAO DANIEL,PT,ESTANCIA (SERGIPE),FORA,0,0,1000000.0,0.66
JOAO DANIEL,PT,FEIRA NOVA (SERGIPE),FORA,0,0,679101.0,0.45
JOAO DANIEL,PT,POCO REDONDO (SERGIPE),FORA,0,0,300000.0,0.2
JOAO DANIEL,PT,PEDRA MOLE (SERGIPE),FORA,0,0,150000.0,0.1
RODRIGO VALADARES,UNIÃO,ARACAJU,DENTRO,19735,39.71,0.0,0.0
RODRIGO VALADARES,UNIÃO,NOSSA SENHORA DO SOCORRO,DENTRO,4342,8.74,0.0,0.0
RODRIGO VALADARES,UNIÃO,SIMAO DIAS,DENTRO,3119,6.28,0.0,0.0
RODRIGO VALADARES,UNIÃO,TOBIAS BARRETO,DENTRO,2424,4.88,0.0,0.0
RODRIGO VALADARES,UNIÃO,ITAPORANGA D AJUDA,DENTRO,2046,4.12,0.0,0.0
RODRIGO VALADARES,UNIÃO,SAO CRISTOVAO,DENTRO,1672,3.36,0.0,0.0
RODRIGO VALADARES,UNIÃO,LAGARTO,DENTRO,1541,3.10,0.0,0.0
RODRIGO VALADARES,UNIÃO,BARRA DOS COQUEIROS,DENTRO,1044,2.10,0.0,0.0
RODRIGO VALADARES,UNIÃO,RIACHAO DO DANTAS,DENTRO,978,1.97,0.0,0.0
RODRIGO VALADARES,UNIÃO,ITABAIANA,DENTRO,766,1.54,0.0,0.0
RODRIGO VALADARES,UNIÃO,NOSSA SENHORA DA GLORIA,DENTRO,661,1.33,0.0,0.0
RODRIGO VALADARES,UNIÃO,ESTANCIA,DENTRO,624,1.26,0.0,0.0
RODRIGO VALADARES,UNIÃO,POCO VERDE,DENTRO,593,1.19,0.0,0.0
RODRIGO VALADARES,UNIÃO,NOSSA SENHORA DAS DORES,DENTRO,527,1.06,0.0,0.0
RODRIGO VALADARES,UNIÃO,CAPELA,DENTRO,484,0.97,0.0,0.0
RODRIGO VALADARES,UNIÃO,PACATUBA,DENTRO,480,0.97,0.0,0.0
RODRIGO VALADARES,UNIÃO,LARANJEIRAS,DENTRO,476,0.96,0.0,0.0
RODRIGO VALADARES,UNIÃO,CANINDE DE SAO FRANCISCO,DENTRO,433,0.87,0.0,0.0
RODRIGO VALADARES,UNIÃO,TOMAR DO GERU,DENTRO,401,0.81,0.0,0.0
RODRIGO VALADARES,UNIÃO,BOQUIM,DENTRO,360,0.72,0.0,0.0
RODRIGO VALADARES,UNIÃO,UMBAUBA,DENTRO,337,0.68,0.0,0.0
RODRIGO VALADARES,UNIÃO,ITABAIANINHA,DENTRO,332,0.67,0.0,0.0
RODRIGO VALADARES,UNIÃO,SANTO AMARO DAS BROTAS,DENTRO,328,0.66,0.0,0.0
RODRIGO VALADARES,UNIÃO,CRISTINAPOLIS,DENTRO,316,0.64,0.0,0.0
RODRIGO VALADARES,UNIÃO,CARMOPOLIS,DENTRO,290,0.58,0.0,0.0
RODRIGO VALADARES,UNIÃO,CARIRA,DENTRO,276,0.56,0.0,0.0
RODRIGO VALADARES,UNIÃO,MARUIM,DENTRO,253,0.51,0.0,0.0
RODRIGO VALADARES,UNIÃO,NEOPOLIS,DENTRO,238,0.48,0.0,0.0
RODRIGO VALADARES,UNIÃO,POCO REDONDO,DENTRO,238,0.48,0.0,0.0
RODRIGO VALADARES,UNIÃO,SALGADO,DENTRO,216,0.43,0.0,0.0
RODRIGO VALADARES,UNIÃO,JAPOATA,DENTRO,214,0.43,0.0,0.0
RODRIGO VALADARES,UNIÃO,AQUIDABA,DENTRO,206,0.41,0.0,0.0
RODRIGO VALADARES,UNIÃO,GARARU,DENTRO,204,0.41,0.0,0.0
RODRIGO VALADARES,UNIÃO,PORTO DA FOLHA,DENTRO,192,0.39,0.0,0.0
RODRIGO VALADARES,UNIÃO,ROSARIO DO CATETE,DENTRO,163,0.33,0.0,0.0
RODRIGO VALADARES,UNIÃO,CAMPO DO BRITO,DENTRO,144,0.29,0.0,0.0
RODRIGO VALADARES,UNIÃO,MURIBECA,DENTRO,143,0.29,0.0,0.0
RODRIGO VALADARES,UNIÃO,PEDRINHAS,DENTRO,142,0.29,0.0,0.0
RODRIGO VALADARES,UNIÃO,RIBEIROPOLIS,DENTRO,132,0.27,0.0,0.0
RODRIGO VALADARES,UNIÃO,AREIA BRANCA,DENTRO,130,0.26,0.0,0.0
RODRIGO VALADARES,UNIÃO,PROPRIA,DENTRO,128,0.26,0.0,0.0
RODRIGO VALADARES,UNIÃO,JAPARATUBA,DENTRO,121,0.24,0.0,0.0
RODRIGO VALADARES,UNIÃO,SAO FRANCISCO,DENTRO,120,0.24,0.0,0.0
RODRIGO VALADARES,UNIÃO,INDIAROBA,DENTRO,117,0.24,0.0,0.0
RODRIGO VALADARES,UNIÃO,PIRAMBU,DENTRO,115,0.23,0.0,0.0
RODRIGO VALADARES,UNIÃO,GRACCHO CARDOSO,DENTRO,114,0.23,0.0,0.0
RODRIGO VALADARES,UNIÃO,MALHADOR,DENTRO,108,0.22,0.0,0.0
RODRIGO VALADARES,UNIÃO,FREI PAULO,DENTRO,106,0.21,0.0,0.0
RODRIGO VALADARES,UNIÃO,SANTA LUZIA DO ITANHY,DENTRO,105,0.21,0.0,0.0
RODRIGO VALADARES,UNIÃO,SIRIRI,DENTRO,102,0.21,0.0,0.0
RODRIGO VALADARES,UNIÃO,MONTE ALEGRE DE SERGIPE,DENTRO,99,0.20,0.0,0.0
RODRIGO VALADARES,UNIÃO,RIACHUELO,DENTRO,98,0.20,0.0,0.0
RODRIGO VALADARES,UNIÃO,ARAUA,DENTRO,94,0.19,0.0,0.0
RODRIGO VALADARES,UNIÃO,SAO DOMINGOS,DENTRO,87,0.18,0.0,0.0
RODRIGO VALADARES,UNIÃO,MOITA BONITA,DENTRO,80,0.16,0.0,0.0
RODRIGO VALADARES,UNIÃO,FEIRA NOVA,DENTRO,76,0.15,0.0,0.0
RODRIGO VALADARES,UNIÃO,CUMBE,DENTRO,75,0.15,0.0,0.0
RODRIGO VALADARES,UNIÃO,BREJO GRANDE,DENTRO,70,0.14,0.0,0.0
RODRIGO VALADARES,UNIÃO,ILHA DAS FLORES,DENTRO,67,0.13,0.0,0.0
RODRIGO VALADARES,UNIÃO,NOSSA SENHORA DE LOURDES,DENTRO,63,0.13,0.0,0.0
RODRIGO VALADARES,UNIÃO,ITABI,DENTRO,59,0.12,0.0,0.0
RODRIGO VALADARES,UNIÃO,MACAMBIRA,DENTRO,57,0.11,0.0,0.0
RODRIGO VALADARES,UNIÃO,PEDRA MOLE,DENTRO,49,0.10,0.0,0.0
RODRIGO VALADARES,UNIÃO,SANTANA DO SAO FRANCISCO,DENTRO,47,0.09,0.0,0.0
RODRIGO VALADARES,UNIÃO,SANTA ROSA DE LIMA,DENTRO,44,0.09,0.0,0.0
RODRIGO VALADARES,UNIÃO,PINHAO,DENTRO,39,0.08,0.0,0.0
RODRIGO VALADARES,UNIÃO,GENERAL MAYNARD,DENTRO,38,0.08,0.0,0.0
RODRIGO VALADARES,UNIÃO,NOSSA SENHORA APARECIDA,DENTRO,36,0.07,0.0,0.0
RODRIGO VALADARES,UNIÃO,CEDRO DE SAO JOAO,DENTRO,34,0.07,0.0,0.0
RODRIGO VALADARES,UNIÃO,DIVINA PASTORA,DENTRO,33,0.07,0.0,0.0
RODRIGO VALADARES,UNIÃO,SAO MIGUEL DO ALEIXO,DENTRO,30,0.06,0.0,0.0
RODRIGO VALADARES,UNIÃO,CANHOBA,DENTRO,28,0.06,0.0,0.0
RODRIGO VALADARES,UNIÃO,AMPARO DE SAO FRANCISCO,DENTRO,20,0.04,0.0,0.0
RODRIGO VALADARES,UNIÃO,TELHA,DENTRO,19,0.04,0.0,0.0
RODRIGO VALADARES,UNIÃO,MALHADA DOS BOIS,DENTRO,18,0.04,0.0,0.0
RODRIGO VALADARES,UNIÃO,MULTIPLO,AMPLO,0,0,99647231.0,95.1
RODRIGO VALADARES,UNIÃO,SEM INFORMACAO,AMPLO,0,0,5039505.47,4.81
RODRIGO VALADARES,UNIÃO,DIVINA PASTORA (SERGIPE),FORA,0,0,99837.0,0.1
THIAGO DE JOALDO,PP,ITABAIANINHA,DENTRO,11364,24.87,0.0,0.0
THIAGO DE JOALDO,PP,PORTO DA FOLHA,DENTRO,4608,10.08,0.0,0.0
THIAGO DE JOALDO,PP,BOQUIM,DENTRO,2942,6.44,0.0,0.0
THIAGO DE JOALDO,PP,TOBIAS BARRETO,DENTRO,2766,6.05,0.0,0.0
THIAGO DE JOALDO,PP,UMBAUBA,DENTRO,2711,5.93,0.0,0.0
THIAGO DE JOALDO,PP,NOSSA SENHORA DO SOCORRO,DENTRO,2452,5.37,0.0,0.0
THIAGO DE JOALDO,PP,POCO VERDE,DENTRO,2189,4.79,0.0,0.0
THIAGO DE JOALDO,PP,RIACHAO DO DANTAS,DENTRO,1715,3.75,0.0,0.0
THIAGO DE JOALDO,PP,ESTANCIA,DENTRO,1649,3.61,0.0,0.0
THIAGO DE JOALDO,PP,CRISTINAPOLIS,DENTRO,1634,3.58,0.0,0.0
THIAGO DE JOALDO,PP,ARACAJU,DENTRO,1626,3.56,0.0,0.0
THIAGO DE JOALDO,PP,TOMAR DO GERU,DENTRO,1174,2.57,0.0,0.0
THIAGO DE JOALDO,PP,ARAUA,DENTRO,983,2.15,0.0,0.0
THIAGO DE JOALDO,PP,PEDRINHAS,DENTRO,983,2.15,0.0,0.0
THIAGO DE JOALDO,PP,SIMAO DIAS,DENTRO,628,1.37,0.0,0.0
THIAGO DE JOALDO,PP,SAO CRISTOVAO,DENTRO,510,1.12,0.0,0.0
THIAGO DE JOALDO,PP,NEOPOLIS,DENTRO,492,1.08,0.0,0.0
THIAGO DE JOALDO,PP,LARANJEIRAS,DENTRO,455,1.00,0.0,0.0
THIAGO DE JOALDO,PP,MONTE ALEGRE DE SERGIPE,DENTRO,449,0.98,0.0,0.0
THIAGO DE JOALDO,PP,GARARU,DENTRO,428,0.94,0.0,0.0
THIAGO DE JOALDO,PP,CAPELA,DENTRO,373,0.82,0.0,0.0
THIAGO DE JOALDO,PP,LAGARTO,DENTRO,355,0.78,0.0,0.0
THIAGO DE JOALDO,PP,SANTA LUZIA DO ITANHY,DENTRO,321,0.70,0.0,0.0
THIAGO DE JOALDO,PP,NOSSA SENHORA DA GLORIA,DENTRO,293,0.64,0.0,0.0
THIAGO DE JOALDO,PP,NOSSA SENHORA DE LOURDES,DENTRO,279,0.61,0.0,0.0
THIAGO DE JOALDO,PP,SANTA ROSA DE LIMA,DENTRO,179,0.39,0.0,0.0
THIAGO DE JOALDO,PP,MALHADA DOS BOIS,DENTRO,177,0.39,0.0,0.0
THIAGO DE JOALDO,PP,INDIAROBA,DENTRO,177,0.39,0.0,0.0
THIAGO DE JOALDO,PP,SALGADO,DENTRO,172,0.38,0.0,0.0
THIAGO DE JOALDO,PP,BARRA DOS COQUEIROS,DENTRO,146,0.32,0.0,0.0
THIAGO DE JOALDO,PP,SIRIRI,DENTRO,132,0.29,0.0,0.0
THIAGO DE JOALDO,PP,ITABAIANA,DENTRO,114,0.25,0.0,0.0
THIAGO DE JOALDO,PP,ROSARIO DO CATETE,DENTRO,114,0.25,0.0,0.0
THIAGO DE JOALDO,PP,ITAPORANGA D AJUDA,DENTRO,104,0.23,0.0,0.0
THIAGO DE JOALDO,PP,MALHADOR,DENTRO,98,0.21,0.0,0.0
THIAGO DE JOALDO,PP,POCO REDONDO,DENTRO,93,0.20,0.0,0.0
THIAGO DE JOALDO,PP,DIVINA PASTORA,DENTRO,92,0.20,0.0,0.0
THIAGO DE JOALDO,PP,MARUIM,DENTRO,82,0.18,0.0,0.0
THIAGO DE JOALDO,PP,RIACHUELO,DENTRO,59,0.13,0.0,0.0
THIAGO DE JOALDO,PP,ILHA DAS FLORES,DENTRO,52,0.11,0.0,0.0
THIAGO DE JOALDO,PP,CANINDE DE SAO FRANCISCO,DENTRO,49,0.11,0.0,0.0
THIAGO DE JOALDO,PP,AQUIDABA,DENTRO,42,0.09,0.0,0.0
THIAGO DE JOALDO,PP,ITABI,DENTRO,39,0.09,0.0,0.0
THIAGO DE JOALDO,PP,AREIA BRANCA,DENTRO,38,0.08,0.0,0.0
THIAGO DE JOALDO,PP,CARIRA,DENTRO,34,0.07,0.0,0.0
THIAGO DE JOALDO,PP,CARMOPOLIS,DENTRO,31,0.07,0.0,0.0
THIAGO DE JOALDO,PP,NOSSA SENHORA DAS DORES,DENTRO,29,0.06,0.0,0.0
THIAGO DE JOALDO,PP,PROPRIA,DENTRO,27,0.06,0.0,0.0
THIAGO DE JOALDO,PP,NOSSA SENHORA APARECIDA,DENTRO,23,0.05,0.0,0.0
THIAGO DE JOALDO,PP,PACATUBA,DENTRO,20,0.04,0.0,0.0
THIAGO DE JOALDO,PP,MURIBECA,DENTRO,19,0.04,0.0,0.0
THIAGO DE JOALDO,PP,PINHAO,DENTRO,18,0.04,0.0,0.0
THIAGO DE JOALDO,PP,RIBEIROPOLIS,DENTRO,16,0.04,0.0,0.0
THIAGO DE JOALDO,PP,MACAMBIRA,DENTRO,13,0.03,0.0,0.0
THIAGO DE JOALDO,PP,JAPARATUBA,DENTRO,11,0.02,0.0,0.0
THIAGO DE JOALDO,PP,SAO MIGUEL DO ALEIXO,DENTRO,10,0.02,0.0,0.0
THIAGO DE JOALDO,PP,CAMPO DO BRITO,DENTRO,10,0.02,0.0,0.0
THIAGO DE JOALDO,PP,SANTO AMARO DAS BROTAS,DENTRO,9,0.02,0.0,0.0
THIAGO DE JOALDO,PP,SAO DOMINGOS,DENTRO,8,0.02,0.0,0.0
THIAGO DE JOALDO,PP,GRACCHO CARDOSO,DENTRO,8,0.02,0.0,0.0
THIAGO DE JOALDO,PP,GENERAL MAYNARD,DENTRO,8,0.02,0.0,0.0
THIAGO DE JOALDO,PP,MOITA BONITA,DENTRO,8,0.02,0.0,0.0
THIAGO DE JOALDO,PP,BREJO GRANDE,DENTRO,7,0.02,0.0,0.0
THIAGO DE JOALDO,PP,CUMBE,DENTRO,7,0.02,0.0,0.0
THIAGO DE JOALDO,PP,PIRAMBU,DENTRO,6,0.01,0.0,0.0
THIAGO DE JOALDO,PP,FREI PAULO,DENTRO,6,0.01,0.0,0.0
THIAGO DE JOALDO,PP,CEDRO DE SAO JOAO,DENTRO,6,0.01,0.0,0.0
THIAGO DE JOALDO,PP,JAPOATA,DENTRO,5,0.01,0.0,0.0
THIAGO DE JOALDO,PP,CANHOBA,DENTRO,5,0.01,0.0,0.0
THIAGO DE JOALDO,PP,SAO FRANCISCO,DENTRO,5,0.01,0.0,0.0
THIAGO DE JOALDO,PP,PEDRA MOLE,DENTRO,4,0.01,0.0,0.0
THIAGO DE JOALDO,PP,FEIRA NOVA,DENTRO,3,0.01,0.0,0.0
THIAGO DE JOALDO,PP,AMPARO DE SAO FRANCISCO,DENTRO,2,0.00,0.0,0.0
THIAGO DE JOALDO,PP,TELHA,DENTRO,2,0.00,0.0,0.0
THIAGO DE JOALDO,PP,SANTANA DO SAO FRANCISCO,DENTRO,0,0.00,0.0,0.0
THIAGO DE JOALDO,PP,MULTIPLO,AMPLO,0,0,113533042.5,94.48
THIAGO DE JOALDO,PP,SEM INFORMACAO,AMPLO,0,0,5393113.4,4.49
THIAGO DE JOALDO,PP,BOQUIM (SERGIPE),FORA,0,0,637986.0,0.53
THIAGO DE JOALDO,PP,NOSSA SENHORA DAS DORES (SERGIPE),FORA,0,0,599416.0,0.5
DELEGADA KATARINA,PSD,ARACAJU,DENTRO,16938,44.42,0.0,0.0
DELEGADA KATARINA,PSD,NOSSA SENHORA DO SOCORRO,DENTRO,2719,7.13,0.0,0.0
DELEGADA KATARINA,PSD,SIMAO DIAS,DENTRO,2284,5.99,0.0,0.0
DELEGADA KATARINA,PSD,ITABAIANA,DENTRO,1584,4.15,0.0,0.0
DELEGADA KATARINA,PSD,GRACCHO CARDOSO,DENTRO,1119,2.93,0.0,0.0
DELEGADA KATARINA,PSD,SAO CRISTOVAO,DENTRO,979,2.57,0.0,0.0
DELEGADA KATARINA,PSD,CAPELA,DENTRO,841,2.21,0.0,0.0
DELEGADA KATARINA,PSD,ESTANCIA,DENTRO,799,2.10,0.0,0.0
DELEGADA KATARINA,PSD,TOBIAS BARRETO,DENTRO,655,1.72,0.0,0.0
DELEGADA KATARINA,PSD,NOSSA SENHORA DAS DORES,DENTRO,617,1.62,0.0,0.0
DELEGADA KATARINA,PSD,CANHOBA,DENTRO,546,1.43,0.0,0.0
DELEGADA KATARINA,PSD,POCO REDONDO,DENTRO,543,1.42,0.0,0.0
DELEGADA KATARINA,PSD,NOSSA SENHORA DA GLORIA,DENTRO,519,1.36,0.0,0.0
DELEGADA KATARINA,PSD,PORTO DA FOLHA,DENTRO,470,1.23,0.0,0.0
DELEGADA KATARINA,PSD,MONTE ALEGRE DE SERGIPE,DENTRO,459,1.20,0.0,0.0
DELEGADA KATARINA,PSD,MARUIM,DENTRO,421,1.10,0.0,0.0
DELEGADA KATARINA,PSD,CUMBE,DENTRO,403,1.06,0.0,0.0
DELEGADA KATARINA,PSD,BARRA DOS COQUEIROS,DENTRO,392,1.03,0.0,0.0
DELEGADA KATARINA,PSD,AQUIDABA,DENTRO,342,0.90,0.0,0.0
DELEGADA KATARINA,PSD,FREI PAULO,DENTRO,335,0.88,0.0,0.0
DELEGADA KATARINA,PSD,BOQUIM,DENTRO,320,0.84,0.0,0.0
DELEGADA KATARINA,PSD,ITAPORANGA D AJUDA,DENTRO,285,0.75,0.0,0.0
DELEGADA KATARINA,PSD,LAGARTO,DENTRO,256,0.67,0.0,0.0
DELEGADA KATARINA,PSD,JAPOATA,DENTRO,255,0.67,0.0,0.0
DELEGADA KATARINA,PSD,LARANJEIRAS,DENTRO,235,0.62,0.0,0.0
DELEGADA KATARINA,PSD,PIRAMBU,DENTRO,217,0.57,0.0,0.0
DELEGADA KATARINA,PSD,SANTO AMARO DAS BROTAS,DENTRO,199,0.52,0.0,0.0
DELEGADA KATARINA,PSD,NEOPOLIS,DENTRO,192,0.50,0.0,0.0
DELEGADA KATARINA,PSD,INDIAROBA,DENTRO,189,0.50,0.0,0.0
DELEGADA KATARINA,PSD,PROPRIA,DENTRO,165,0.43,0.0,0.0
DELEGADA KATARINA,PSD,POCO VERDE,DENTRO,148,0.39,0.0,0.0
DELEGADA KATARINA,PSD,ROSARIO DO CATETE,DENTRO,141,0.37,0.0,0.0
DELEGADA KATARINA,PSD,PEDRA MOLE,DENTRO,134,0.35,0.0,0.0
DELEGADA KATARINA,PSD,RIACHAO DO DANTAS,DENTRO,129,0.34,0.0,0.0
DELEGADA KATARINA,PSD,NOSSA SENHORA DE LOURDES,DENTRO,126,0.33,0.0,0.0
DELEGADA KATARINA,PSD,ITABI,DENTRO,125,0.33,0.0,0.0
DELEGADA KATARINA,PSD,CARIRA,DENTRO,117,0.31,0.0,0.0
DELEGADA KATARINA,PSD,CRISTINAPOLIS,DENTRO,116,0.30,0.0,0.0
DELEGADA KATARINA,PSD,SALGADO,DENTRO,114,0.30,0.0,0.0
DELEGADA KATARINA,PSD,CANINDE DE SAO FRANCISCO,DENTRO,110,0.29,0.0,0.0
DELEGADA KATARINA,PSD,ILHA DAS FLORES,DENTRO,104,0.27,0.0,0.0
DELEGADA KATARINA,PSD,CARMOPOLIS,DENTRO,104,0.27,0.0,0.0
DELEGADA KATARINA,PSD,GARARU,DENTRO,100,0.26,0.0,0.0
DELEGADA KATARINA,PSD,AREIA BRANCA,DENTRO,96,0.25,0.0,0.0
DELEGADA KATARINA,PSD,MOITA BONITA,DENTRO,77,0.20,0.0,0.0
DELEGADA KATARINA,PSD,PACATUBA,DENTRO,74,0.19,0.0,0.0
DELEGADA KATARINA,PSD,RIBEIROPOLIS,DENTRO,72,0.19,0.0,0.0
DELEGADA KATARINA,PSD,SIRIRI,DENTRO,70,0.18,0.0,0.0
DELEGADA KATARINA,PSD,CAMPO DO BRITO,DENTRO,68,0.18,0.0,0.0
DELEGADA KATARINA,PSD,TOMAR DO GERU,DENTRO,63,0.17,0.0,0.0
DELEGADA KATARINA,PSD,BREJO GRANDE,DENTRO,59,0.15,0.0,0.0
DELEGADA KATARINA,PSD,ITABAIANINHA,DENTRO,56,0.15,0.0,0.0
DELEGADA KATARINA,PSD,UMBAUBA,DENTRO,53,0.14,0.0,0.0
DELEGADA KATARINA,PSD,MURIBECA,DENTRO,53,0.14,0.0,0.0
DELEGADA KATARINA,PSD,JAPARATUBA,DENTRO,52,0.14,0.0,0.0
DELEGADA KATARINA,PSD,FEIRA NOVA,DENTRO,49,0.13,0.0,0.0
DELEGADA KATARINA,PSD,AMPARO DE SAO FRANCISCO,DENTRO,45,0.12,0.0,0.0
DELEGADA KATARINA,PSD,RIACHUELO,DENTRO,43,0.11,0.0,0.0
DELEGADA KATARINA,PSD,SANTA LUZIA DO ITANHY,DENTRO,42,0.11,0.0,0.0
DELEGADA KATARINA,PSD,MALHADOR,DENTRO,38,0.10,0.0,0.0
DELEGADA KATARINA,PSD,ARAUA,DENTRO,36,0.09,0.0,0.0
DELEGADA KATARINA,PSD,PEDRINHAS,DENTRO,26,0.07,0.0,0.0
DELEGADA KATARINA,PSD,SAO MIGUEL DO ALEIXO,DENTRO,25,0.07,0.0,0.0
DELEGADA KATARINA,PSD,NOSSA SENHORA APARECIDA,DENTRO,24,0.06,0.0,0.0
DELEGADA KATARINA,PSD,SAO DOMINGOS,DENTRO,23,0.06,0.0,0.0
DELEGADA KATARINA,PSD,PINHAO,DENTRO,21,0.06,0.0,0.0
DELEGADA KATARINA,PSD,SANTA ROSA DE LIMA,DENTRO,20,0.05,0.0,0.0
DELEGADA KATARINA,PSD,DIVINA PASTORA,DENTRO,19,0.05,0.0,0.0
DELEGADA KATARINA,PSD,GENERAL MAYNARD,DENTRO,18,0.05,0.0,0.0
DELEGADA KATARINA,PSD,SANTANA DO SAO FRANCISCO,DENTRO,15,0.04,0.0,0.0
DELEGADA KATARINA,PSD,MACAMBIRA,DENTRO,13,0.03,0.0,0.0
DELEGADA KATARINA,PSD,CEDRO DE SAO JOAO,DENTRO,12,0.03,0.0,0.0
DELEGADA KATARINA,PSD,TELHA,DENTRO,11,0.03,0.0,0.0
DELEGADA KATARINA,PSD,MALHADA DOS BOIS,DENTRO,9,0.02,0.0,0.0
DELEGADA KATARINA,PSD,SAO FRANCISCO,DENTRO,7,0.02,0.0,0.0
DELEGADA KATARINA,PSD,MULTIPLO,AMPLO,0,0,103267024.07,91.13
DELEGADA KATARINA,PSD,SEM INFORMACAO,AMPLO,0,0,9371268.58,8.27
DELEGADA KATARINA,PSD,ARACAJU (SERGIPE),FORA,0,0,480000.0,0.42
DELEGADA KATARINA,PSD,ITABAIANA (SERGIPE),FORA,0,0,100000.0,0.09
DELEGADA KATARINA,PSD,NOSSA SENHORA DO SOCORRO (SERGIPE),FORA,0,0,100000.0,0.09
